ID,"Applicant Name","Date of Birth","Unit Type",Phone,Aadhaar,"House Name","House Number",Ward,Address,"Existing Diseases","Additional Member","Additional DOB","Additional Relation","Additional Aadhaar","Additional Disease","Payment Amount","Payment Status","Application Status","Created Date"
18,"jassim Mohd",2025-11-15,family,8848529733,435345435345,"Mr 47, Rahath Manzil",456,Kazanacotta,"Mr 47, Rahath Manzil",hfgh,,0000-00-00,,,,1000.00,completed,pending,"2025-11-02 19:52:30"
17,"jassim Mohd",2025-11-06,family,8848529733,435345435345,"Mr 47, Rahath Manzil",456456,Kazanacotta,"Mr 47, Rahath Manzil",fghfg,,0000-00-00,,,,1000.00,pending,approved,"2025-11-02 18:17:43"
16,"jassim Mohd",2025-11-13,family,8848529733,435345435345,"Mr 47, Rahath Manzil",456456,Kazanacotta,"Mr 47, Rahath Manzil",ghjgj,,0000-00-00,,,,1000.00,pending,pending,"2025-11-02 18:13:49"
15,"jassim Mohd",2025-11-08,family,8848529733,345345,"Mr 47, Rahath Manzil",456456,,"Mr 47, Rahath Manzil",hgjhgj,,0000-00-00,,,,1000.00,pending,pending,"2025-11-02 18:07:14"
14,"jassim Mohd",2025-11-13,family,8848529733,435345435345,"Mr 47, Rahath Manzil",456456,Kazanacotta,"Mr 47, Rahath Manzil",ghjghj,,0000-00-00,,,,1000.00,pending,pending,"2025-11-02 18:06:25"
13,"jassim Mohd",2025-11-12,family,8848529733,456546456,"Mr 47, Rahath Manzil",567567,Thana,"Mr 47, Rahath Manzil",ghjghjhgj,,0000-00-00,,,,1000.00,pending,pending,"2025-11-02 18:05:20"
12,"jassim Mohd",2025-11-13,family,8848529733,567567,"Mr 47, Rahath Manzil",,,"Mr 47, Rahath Manzil",ghjghj,,0000-00-00,,,,1000.00,pending,pending,"2025-11-02 17:47:08"
11,"jassim Mohd",2025-11-06,family,8848529733,435345435345,"Mr 47, Rahath Manzil",345,Other,"Mr 47, Rahath Manzil",fdgdfg,,0000-00-00,,,,1000.00,pending,pending,"2025-11-02 17:44:31"
10,"jassim Mohd",2025-11-12,family,8848529733,435345435345,"Mr 47, Rahath Manzil",43534,Thana,"Mr 47, Rahath Manzil",ghjgj,,0000-00-00,,,,1000.00,pending,pending,"2025-11-02 17:40:33"
8,"jassim Mohd",2025-11-07,family,8848529733,567567,"Mr 47, Rahath Manzil",567567,Kazanacotta,"Mr 47, Rahath Manzil",ghjghj,,0000-00-00,,,,1000.00,pending,pending,"2025-11-02 17:34:28"
9,"jassim Mohd",2025-11-07,family,8848529733,567567,"Mr 47, Rahath Manzil",567567,Kazanacotta,"Mr 47, Rahath Manzil",ghjghj,,0000-00-00,,,,1000.00,pending,pending,"2025-11-02 17:34:28"
7,"jassim Mohd",2025-11-06,individual,8848529733,435345435345,"Mr 47, Rahath Manzil",fdgfdg,Other,"Mr 47, Rahath Manzil",fghfg,dfgfdg,2025-11-13,dfgfdg,456456,dfgfdg,1000.00,pending,pending,"2025-11-02 17:32:17"
6,"jassim Mohd",2025-11-06,individual,8848529733,435345435345,"Mr 47, Rahath Manzil",fdgfdg,Other,"Mr 47, Rahath Manzil",fghfg,,0000-00-00,,,,1000.00,pending,pending,"2025-11-02 17:20:20"
5,"jassim Mohd",2025-11-13,family,8848529733,435345435345,"Mr 47, Rahath Manzil",456456,Kazanacotta,"Mr 47, Rahath Manzil",ghjghj,ghjghj,2025-11-14,gfhfg,435345,345435,,pending,pending,"2025-11-02 17:19:29"
4,"jassim Mohd",2025-11-13,family,8848529733,435345435345,"Mr 47, Rahath Manzil",456456,Kazanacotta,"Mr 47, Rahath Manzil",ghjghj,ghjghj,2025-11-14,gfhfg,435345,345435,,pending,pending,"2025-11-02 17:19:09"
3,"jassim Mohd",2025-11-13,family,8848529733,435345435345,"Mr 47, Rahath Manzil",456456,Kazanacotta,"Mr 47, Rahath Manzil",ghjghj,ghjghj,2025-11-14,gfhfg,435345,345435,,pending,pending,"2025-11-02 17:07:02"
2,"jassim Mohd",2025-11-06,individual,8848529733,sdfsdf,"Mr 47, Rahath Manzil",fdgfdg,Kazanacotta,"Mr 47, Rahath Manzil",,dfgfdg,2025-11-13,dfgfdg,435435,fghfghfg,,pending,pending,"2025-11-02 17:06:09"
1,"jassim Mohd",2025-11-13,family,8848529733,435345435345,"Mr 47, Rahath Manzil",fdgfdg,Kazanacotta,"Mr 47, Rahath Manzil",dfgfdg,dfgfdg,2025-11-17,dfgfdg,dfgfd,dfgfdg,,pending,pending,"2025-11-02 16:54:27"
